F1,0.0062210278995094926
F1,0.0062210278995094926
F2,0.03477004379700062
F3,0.03542816819014141
F4,0.020081495420220325
F5,0.02379249379111507
F6,0.03553805744930184
F7,0.05290914775366035
F8,0.08233535708588627
F9,0.006485444351255215
F10,0.06520075429305378
F11,0.058994582980821574
F12,0.03034330424545042
F13,0.1003084014371455
F14,0.10045540467245873
F15,0.020980111103095042
F16,0.09382239938259869
F17,0.07115560576812235
F18,0.12580445987552874
F19,0.1128110934783886
F20,0.05340543174868523
F21,0.10629902181206179
F22,0.09147674608292983
F23,0.2959123340404495
F24,0.19884178700960284
F25,0.2982966249671034
F26,0.16015215247942788
F27,0.007256481344990079
F28,0.03170036131573286
F29,0.0869291381699617
F30,0.17747130188322274
F31,0.26788903768385774
F32,0.16392613861925104
F33,0.01774934720836464
F34,0.050842355529312364
F35,0.0869291381699617
F36,0.13358825139036376
F37,0.07834967331383139
a,0.050343791322240206
abang,0.05006261743217589
abdi,0.0
abdielktg,0.05006261743217589
abe,0.05006261743217589
abis,0.08390631887040034
ace,0.05006261743217589
action,0.028976379389987237
activity,0.10050378152592121
acu,0
acung,0.05006261743217589
adegan,0.04113450348948635
adindaadprila,0.05006261743217589
adissttrr,0.05006261743217589
aditya,0.05006261743217589
adrian,0.05006261743217589
adrienresya,0.05006261743217589
adriesubono,0.05006261743217589
aduh,0.0
aduk,0.05006261743217589
af,0.05006261743217589
afdol,0.05006261743217589
after,0.039477101697586135
agama,0.028976379389987237
aghitsa,0.05006261743217589
agung,0.0
ah,0.14405262096157606
ahmad,0.05006261743217589
ahmadsyahruji,0.05006261743217589
ahspeaksaja,0.05006261743217589
aidharosadi,0.05006261743217589
aih,0.05006261743217589
ainun,0.05137739567142586
air,0.028976379389987237
ajak,0.028976379389987237
ajang,0.05006261743217589
ajar,0.0949157995752499
ajeng,0.05006261743217589
akibat,0.0708881205008336
aksi,0.01898315991504998
akting,0.07142857142857142
aktor,0.05006261743217589
aktris,0.05006261743217589
al,0.05006261743217589
alah,0.05006261743217589
alam,0.05006261743217589
alami,0.0708881205008336
alan,0.05006261743217589
alas,0.05006261743217589
alhamdulilah,0.05006261743217589
alias,0.0
alicemutiara,0.05006261743217589
alicia,0.05006261743217589
alih,0.05006261743217589
all,0.05006261743217589
allah,0.0
allegiant,0.019065785593519964
alur,0.02250175801852048
am,0.05006261743217589
ambil,0.05006261743217589
american,0
amerika,0.0
ampun,0.05006261743217589
amrazing,0.05006261743217589
an,0.028976379389987237
anak,0.01678126377408007
and,0.0571973567805599
andika,0.05006261743217589
andry,0.05006261743217589
aneh,0.0869291381699617
angelina,0.05006261743217589
angga,0.05006261743217589
anggap,0.05006261743217589
anggarasopanr,0.05006261743217589
anggasasongko,0.05006261743217589
anggia,0.05006261743217589
anggiakharisma,0.05006261743217589
anggrek,0.0
angkasa,0
angkat,0.05006261743217589
ani,0.05006261743217589
animasi,0.0
anindhita,0.05006261743217589
anithaf,0
anjay,0.05006261743217589
anjir,0.028976379389987237
anna,0.05006261743217589
annabelle,0.06748575116481823
annabellecreation,0.05006261743217589
ansy,0.05006261743217589
antero,0.05006261743217589
anti,0.05006261743217589
antri,0.05006261743217589
antuk,0
anwar,0.0708881205008336
ap,0.05006261743217589
apasih,0
apik,0.05006261743217589
april,0.05006261743217589
aprilahfadiyah,0.05006261743217589
aprillia,0.05006261743217589
ardi,0.05006261743217589
arhcha,0.05006261743217589
ari,0.05006261743217589
arif,0.05006261743217589
arini,0.0
aronashab,0
artis,0.05006261743217589
arumii,0
arvan,0.05006261743217589
aryo,0.05006261743217589
asa,0.03571428571428571
asik,0.0
askfm,0.05006261743217589
asli,0.04113450348948635
asosiasi,0.05006261743217589
aspek,0.05006261743217589
astaga,0.0
asumsi,0.05006261743217589
asyik,0.02250175801852048
at,0.07299340260157137
atmosfer,0.05006261743217589
atuh,0.05006261743217589
atur,0.05006261743217589
audya,0.05006261743217589
aum,0.05006261743217589
aura,0.05006261743217589
autis,0
avengers,0.0708881205008336
avicenna,0.05006261743217589
aviseina,0.05006261743217589
awajisan,0.05006261743217589
awam,0.05006261743217589
awansyaputra,0.05006261743217589
awat,0.05006261743217589
awi,0.05006261743217589
ayo,0.08192319205190404
ayu,0.05006261743217589
ayuningnong,0.05006261743217589
ayuputriandira,0.05006261743217589
b,0.05006261743217589
babi,0.05006261743217589
baby,0
baca,0.04096159602595202
backsound,0.05006261743217589
bacot,0.0
bad,0.05006261743217589
badan,0
bagus,0.13774924909449957
bahagia,0.0869291381699617
bahak,0.05006261743217589
bahan,0.05006261743217589
bahasa,0.0708881205008336
baimbat,0.05006261743217589
bal,0.05006261743217589
bale,0
balet,0.05006261743217589
banding,0
bang,0.0708881205008336
banget,0.2476051652074685
bangga,0.0708881205008336
bangkai,0.05006261743217589
bangkit,0.05006261743217589
bangsa,0.0708881205008336
bangsat,0.0
bangun,0.0
banten,0.05006261743217589
bantu,0.05006261743217589
baper,0.05006261743217589
barang,0.05006261743217589
bareng,0.028976379389987237
baru,0.055765935231825305
barusan,0.05006261743217589
basi,0.05006261743217589
bassura,0.05006261743217589
batal,0.05006261743217589
batas,0.05006261743217589
bawa,0.05694947974514994
bawang,0
bayang,0.0
bayar,0.0708881205008336
bcl,0.05006261743217589
beda,0.015216276731324618
beginning,0.05006261743217589
bekas,0.05006261743217589
bekasiurbancity,0.05006261743217589
belah,0.08793155726408237
belieview,0
bellaudya,0
bellevue,0.0
belpark,0.0
ben,0.028976379389987237
benakribo,0
benar,0.033180075816559865
benci,0.05006261743217589
beneran,0.05006261743217589
bengep,0
bengkak,0.05006261743217589
bentar,0
benyamin,0.0869291381699617
berangkat,0.05006261743217589
berangkatin,0.05006261743217589
berani,0.04096159602595202
berat,0.028976379389987237
berfikir,0.05006261743217589
berisik,0.05006261743217589
berita,0.05006261743217589
berkat,0.05006261743217589
bertharia,0.05006261743217589
besok,0.050251890762960605
betapa,0.0
bhimapasanova,0.05006261743217589
biadab,0
biang,0.0869291381699617
biar,0.0822690069789727
biaya,0.05006261743217589
bicara,0.0708881205008336
bikin,0.073408875597115
bilang,0.04113450348948635
binatang,0.028976379389987237
bingung,0.028976379389987237
bintang,0.05006261743217589
bio,0.05006261743217589
biografi,0
bioskop,0.05415303610738824
bisnis,0.05006261743217589
bitra,0.05006261743217589
black,0.05694947974514994
blitz,0.0869291381699617
blitzmegaplex,0.028976379389987237
blog,0.05006261743217589
blok,0.0
bn,0.05006261743217589
bohong,0.05006261743217589
boikot,0.05006261743217589
bookmyshow,0.05006261743217589
boros,0.05006261743217589
bosan,0.02906190968595482
bosen,0.05006261743217589
botak,0
box,0.050251890762960605
boy,0.05006261743217589
boyhood,0.05006261743217589
boys,0.05006261743217589
braven,0.05006261743217589
breakout,0.05006261743217589
breathe,0.05862103817605492
brengsek,0
bro,0.05006261743217589
brother,0.05006261743217589
btw,0.05006261743217589
buah,0.08192319205190404
budak,0
budaya,0.05006261743217589
budget,0.0708881205008336
buka,0.05006261743217589
buku,0.05006261743217589
bulat,0.05006261743217589
bullock,0
bulu,0.05006261743217589
buluk,0.05006261743217589
bumbu,0.05006261743217589
bumi,0.05006261743217589
buming,0.05006261743217589
bunda,0.05006261743217589
bunuh,0.05006261743217589
buru,0.0672334852355292
buruk,0.0708881205008336
buset,0.05006261743217589
busuk,0.05006261743217589
butler,0
butuh,0.0
bye,0.0672334852355292
cabe,0.05006261743217589
cabut,0
cacat,0.05006261743217589
cahaya,0.10206207261596577
cair,0.05006261743217589
cakep,0.05006261743217589
calex,0.05006261743217589
call,0.05006261743217589
calon,0
campur,0.05006261743217589
candita,0.05006261743217589
candra,0.05006261743217589
cantik,0.05006261743217589
capai,0.05006261743217589
capek,0.028976379389987237
captain,0.05006261743217589
cardio,0
care,0.05006261743217589
cari,0.05006261743217589
caroline,0.0
carrie,0.0986894847021565
casablanca,0.05006261743217589
cc,0.05006261743217589
cdhinia,0.05006261743217589
cek,0.10701062406168173
cektokosebelah,0.0708881205008336
celah,0.05006261743217589
cema,0.06819309069874763
cenayangfilm,0.05006261743217589
cengeng,0
cengkeram,0
central,0.05006261743217589
cepat,0.0
cerai,0.05006261743217589
cerdas,0.0708881205008336
cere,0.0
cerita,0.05137739567142586
cerna,0
certifiedfresh,0
cetak,0.05006261743217589
cewek,0.05006261743217589
cgk,0.05006261743217589
cgvblitz,0.05006261743217589
charlie,0
charming,0.05006261743217589
checkin,0.05006261743217589
chiko,0.05006261743217589
chocolatos,0.05006261743217589
chris,0.05006261743217589
christopher,0.05006261743217589
chrisyebororing,0.05006261743217589
cia,0.05006261743217589
cie,0.05006261743217589
cikarang,0.05006261743217589
cilegon,0.0
cileungsi,0.05006261743217589
cinemaxx,0.05006261743217589
cinemaxxtheater,0.05006261743217589
cineplex,0.05006261743217589
cinta,0.02964671496466347
cipete,0.05006261743217589
cipinang,0.05006261743217589
cipta,0.0708881205008336
ciracas,0.05006261743217589
city,0.0
cium,0.05006261743217589
civil,0.05006261743217589
clinic,0
cm,0.05006261743217589
co,0.05006261743217589
coba,0.10714285714285714
cocok,0.05006261743217589
coloring,0.05006261743217589
com,0.03571428571428571
comic,0.050251890762960605
conjuring,0.05057217374241736
cont,0.0
contoh,0.05006261743217589
copot,0.0
cowok,0.05006261743217589
crap,0.05006261743217589
croft,0.0
culex,0.05006261743217589
cuman,0.028976379389987237
curi,0.0708881205008336
da,0
daerah,0.05006261743217589
daging,0.05006261743217589
dah,0.0
damba,0.05006261743217589
danar,0.05006261743217589
danish,0.05006261743217589
danur,0.08808725176634519
danurmovie,0.05006261743217589
dapet,0.0
dar,0.02250175801852048
dara,0.05006261743217589
dare,0.03912636703529356
darmaji,0.05006261743217589
dasar,0.0869291381699617
datar,0.0708881205008336
daun,0.05006261743217589
day,0.028976379389987237
dc,0.05006261743217589
death,0.028976379389987237
debbial,0.05006261743217589
debby,0.05006261743217589
deepty,0.05006261743217589
deg,0.05006261743217589
degan,0.05006261743217589
deh,0.01685739124747245
dek,0.05006261743217589
demen,0.05006261743217589
dengar,0.022411161745176402
dental,0
depok,0.05006261743217589
deret,0.02250175801852048
despicableme,0.05006261743217589
destinantion,0.05006261743217589
detail,0.05006261743217589
detik,0
detikcom,0.028976379389987237
detikhot,0.0
detos,0.05006261743217589
devlina,0.05006261743217589
dewa,0.0708881205008336
dewanto,0.05006261743217589
dewiyuliaaa,0.05006261743217589
dhaif,0.05006261743217589
dherynlaza,0.05006261743217589
dialog,0.08192319205190404
diam,0.0708881205008336
dikerjain,0.05006261743217589
diksi,0.05006261743217589
dil,0.030432553462649236
dindinnov,0.05006261743217589
dino,0.05006261743217589
dinyinyirin,0.05006261743217589
dion,0.05006261743217589
divergent,0.02250175801852048
djakarta,0.05006261743217589
dki,0
dokter,0.05006261743217589
dolar,0.022411161745176402
domba,0.05006261743217589
domestik,0.05006261743217589
dominic,0.05006261743217589
dominika,0.05006261743217589
don,0.05862103817605492
dontbreathe,0.05006261743217589
download,0.05006261743217589
drama,0.02250175801852048
drop,0.05006261743217589
duduk,0.05006261743217589
duga,0.05006261743217589
duluan,0.05006261743217589
dunia,0.05006261743217589
dunkirk,0.01397678984691021
dunkirkmovie,0.05006261743217589
durasi,0.0
duta,0.05006261743217589
dwi,0.05006261743217589
dwimas,0.05006261743217589
e,0.0
earth,0.039477101697586135
echojunanto,0
edisinontonsamamyangel,0.05006261743217589
edrick,0
efek,0.05006261743217589
efekfilm,0.05006261743217589
efektif,0.05006261743217589
egorova,0.05006261743217589
eh,0.02906190968595482
ejek,0.05006261743217589
eka,0.05006261743217589
ekor,0.05006261743217589
ekspektasi,0.05006261743217589
ekspresi,0.05006261743217589
elegan,0.05006261743217589
elysium,0.0
emergo,0.05006261743217589
emosi,0.028976379389987237
emosional,0.0
enak,0.0708881205008336
ending,0.05006261743217589
energi,0.05006261743217589
engkau,0.05006261743217589
enjoythen,0.05006261743217589
enough,0.05006261743217589
enyes,0
epik,0.05006261743217589
epiwalk,0.05006261743217589
ernest,0.05006261743217589
ernestprakasa,0.05006261743217589
eropa,0.09211323729436766
erti,0.0708881205008336
etos,0.05006261743217589
evangelion,0.05006261743217589
evil,0.05006261743217589
ewang,0.05006261743217589
exorcist,0.05006261743217589
f,0.05006261743217589
fadhel,0
fadhila,0.05006261743217589
fadli,0.05006261743217589
faedah,0
fakta,0.0
falcon,0.0708881205008336
famonce,0.05006261743217589
faniasiik,0.05006261743217589
fans,0.05006261743217589
fantasi,0.022411161745176402
farhanadi,0
farrah,0.05006261743217589
fast,0.0
fat,0.05006261743217589
fathimaafp,0.05006261743217589
favorit,0.05006261743217589
fb,0
fbid,0.05006261743217589
fe,0.05006261743217589
femaleradio,0.05006261743217589
ferry,0.05006261743217589
festival,0.05006261743217589
fi,0.0
fiction,0.022411161745176402
fidel,0.05006261743217589
figmv,0.05006261743217589
filkopmovie,0.05006261743217589
film,0.07858947414494157
filmindonesia,0.05006261743217589
filmkoalakumal,0.0708881205008336
films,0.05006261743217589
filosofi,0.14531050724910122
filosofikopi,0.05006261743217589
final,0.05006261743217589
fithriatarissa,0.05006261743217589
fithry,0.05006261743217589
fix,0.0
flashdisk,0.05006261743217589
flat,0
fm,0.05006261743217589
for,0.0
foreethatehsusu,0.05006261743217589
forum,0.05006261743217589
foto,0.0
four,0.05006261743217589
fox,0.05006261743217589
ftmh,0.05006261743217589
ftv,0.05006261743217589
furious,0.05006261743217589
ga,0.05006261743217589
gading,0.050251890762960605
gagal,0.050251890762960605
gagalman,0
gaib,0.05006261743217589
gak,0.06405126152203486
galaxy,0
galih,0.05006261743217589
galuhkeanu,0.05006261743217589
gambar,0.0672334852355292
game,0.10701062406168173
gampang,0
ganas,0.05006261743217589
ganteng,0.0869291381699617
ganti,0.0708881205008336
gantung,0.08192319205190404
gapai,0.0
gara,0.10050378152592121
garap,0.05006261743217589
gaul,0.05006261743217589
gaun,0
gayang,0.05006261743217589
gel,0.05006261743217589
geli,0.05006261743217589
gelimang,0.05006261743217589
gelora,0.05006261743217589
gemar,0.0
gemez,0.05006261743217589
genfm,0.05006261743217589
gengsi,0
genius,0.05006261743217589
genre,0.08192319205190404
gerak,0.05006261743217589
gerbangneraka,0
geret,0.05006261743217589
gigit,0.05006261743217589
gih,0.05006261743217589
gila,0.0822690069789727
gimana,0.0708881205008336
gimmick,0.05006261743217589
gin,0.0708881205008336
gitu,0.02707651805369412
gizi,0.05006261743217589
glennfredly,0.0708881205008336
globaltvseru,0.05006261743217589
go,0.05006261743217589
goals,0.05006261743217589
god,0.05006261743217589
godzilla,0.05006261743217589
gokil,0.05006261743217589
goodmovie,0.05006261743217589
gp,0.05006261743217589
grahacijtung,0
gramedia,0
grand,0
grandmetropolitan,0.05006261743217589
gratis,0
gravity,0
greatest,0.0869291381699617
greget,0.028976379389987237
gugah,0
gundam,0.0708881205008336
guru,0.05006261743217589
guyon,0.0
guys,0.0708881205008336
habibie,0.05821128942797496
habis,0.01685739124747245
hadap,0.0
hadipratamas,0.05006261743217589
hadir,0
haf,0.05006261743217589
hahahaha,0
hahahahhahaha,0.05006261743217589
hai,0.05006261743217589
hak,0.05006261743217589
hakim,0.05006261743217589
halus,0.05006261743217589
hancur,0.05006261743217589
hangat,0.0708881205008336
hangout,0.05006261743217589
hani,0.05006261743217589
hans,0.05006261743217589
hantar,0.0708881205008336
hantu,0.015160218417872195
hanumrais,0.05006261743217589
happiness,0.05006261743217589
happy,0.02250175801852048
happymorning,0.05006261743217589
harap,0.05006261743217589
hardy,0.05006261743217589
harga,0.0869291381699617
harry,0.0
harta,0.0708881205008336
haru,0.0869291381699617
hasil,0.0
hati,0.02250175801852048
he,0.0708881205008336
hebat,0.10050378152592121
heboh,0.0708881205008336
hehe,0.05006261743217589
hehehe,0.0708881205008336
heidy,0.05006261743217589
hem,0.1125087900926024
hendrian,0.05006261743217589
henti,0.05006261743217589
her,0
heran,0
hi,0.052351174294080906
hibur,0.0
hidup,0.05057217374241736
hihi,0.05006261743217589
hikmah,0.05006261743217589
hilang,0.0
hina,0.05006261743217589
hindar,0.05006261743217589
hipotesis,0.05006261743217589
hitam,0.028976379389987237
hits,0.05006261743217589
hl,0.05006261743217589
hmm,0
hoax,0.05006261743217589
hobbes,0.05006261743217589
hobit,0.05006261743217589
hollywood,0.05006261743217589
horor,0.1259052024952045
html,0.05006261743217589
http,0.05006261743217589
https,0.0
hubung,0.05006261743217589
hugh,0.05006261743217589
huh,0.0672334852355292
humanisme,0.05006261743217589
humor,0.05006261743217589
hunnam,0
husein,0.05006261743217589
hustle,0
hype,0.05006261743217589
ibrohim,0.05006261743217589
icha,0.05006261743217589
id,0.028976379389987237
ide,0.05006261743217589
idiot,0.05006261743217589
idr,0.05006261743217589
idsantos,0.05006261743217589
ih,0.0
ikat,0.05006261743217589
ikhlas,0
ikkavh,0.05006261743217589
iklan,0.0708881205008336
ilmiah,0.05006261743217589
ilmu,0.0708881205008336
imamul,0.05006261743217589
imax,0.0708881205008336
imdb,0
imelda,0.05006261743217589
imho,0
imigrasi,0.05006261743217589
imitation,0.10701062406168173
imo,0.05006261743217589
impi,0.05006261743217589
in,0.05006261743217589
inception,0
indah,0.0
indhykhansaa,0.05006261743217589
indika,0.05006261743217589
indo,0.05006261743217589
indonesia,0.032054867905767705
indosiar,0.05006261743217589
indra,0.05006261743217589
indro,0
industri,0.05006261743217589
infinity,0.0571973567805599
info,0.05006261743217589
insan,0.05006261743217589
insidious,0.028976379389987237
insidiousthelastkey,0.05006261743217589
inspirasi,0.0
insurgent,0.05006261743217589
intan,0.0
intanayudautami,0.05006261743217589
internasional,0.05006261743217589
inti,0.028976379389987237
intimidasi,0.0
io,0.05006261743217589
ipar,0
ipeh,0.05006261743217589
iqbaal,0.05006261743217589
iqbaale,0.05006261743217589
iqbal,0.05006261743217589
ireneanasthesia,0.05006261743217589
iri,0.05006261743217589
irving,0
iseng,0.05006261743217589
isi,0
islam,0.0708881205008336
iss,0
istimewa,0.08192319205190404
istirahat,0.05006261743217589
istri,0.05006261743217589
it,0.0708881205008336
iya,0.0
jackman,0.05006261743217589
jaden,0.05006261743217589
jadul,0.05006261743217589
jaga,0.05006261743217589
jago,0.05006261743217589
jahat,0.022411161745176402
jailangkung,0.05006261743217589
jajar,0.05006261743217589
jalan,0.10050378152592121
jalur,0.05006261743217589
jam,0.05006261743217589
jaman,0.0
jancuk,0.05006261743217589
janggal,0.05006261743217589
janji,0.05006261743217589
jantung,0.014031719474382226
jari,0.0708881205008336
jatuh,0.05006261743217589
jawa,0.0708881205008336
jayanti,0.05006261743217589
jebak,0.0708881205008336
jelajah,0
jelek,0.09532892796759983
jeli,0
jempol,0.05006261743217589
jemu,0.05006261743217589
jendela,0.0
jenis,0.05006261743217589
jenius,0.05006261743217589
jennifer,0.0708881205008336
jeriko,0.05006261743217589
jerit,0.0708881205008336
jflowrighthere,0
jijik,0.05006261743217589
jlhjian,0.05006261743217589
jocmons,0
jody,0.05006261743217589
johanssen,0.05006261743217589
joko,0.0708881205008336
jokoanwar,0.0
jokowi,0
jolie,0.05006261743217589
jual,0
juang,0.0708881205008336
juara,0.02250175801852048
judul,0.028976379389987237
jujur,0.05006261743217589
jumanji,0.05006261743217589
jumat,0.05006261743217589
jump,0.0708881205008336
junot,0
justice,0.05006261743217589
jusufkalla,0.05006261743217589
juta,0.035555906726738896
juuwita,0
k,0.0708881205008336
ka,0.0708881205008336
kabar,0.05006261743217589
kacamata,0
kacau,0.05006261743217589
kadang,0.05006261743217589
kafan,0.05006261743217589
kafe,0.05006261743217589
kagak,0.05006261743217589
kaget,0.03187883565316691
kagum,0.0672334852355292
kah,0.05006261743217589
kaiju,0.05006261743217589
kak,0.02250175801852048
kakaanya,0.05006261743217589
kakak,0.022411161745176402
kalah,0.03571428571428571
kalem,0.05006261743217589
kali,0.0
kalimat,0
kalo,0.09607689228305229
kamar,0.028976379389987237
kambing,0.05006261743217589
kamisteri,0
kampret,0.05006261743217589
kanan,0.05006261743217589
kantor,0
kapal,0.05006261743217589
kapanlagicom,0
karakter,0.0
karate,0.05006261743217589
karawang,0.05006261743217589
karismatik,0
karya,0.0708881205008336
kasabelangka,0
kaset,0.05006261743217589
kasi,0.05006261743217589
kasih,0.019065785593519964
kategori,0.0
kau,0.028976379389987237
kaum,0
kav,0.05006261743217589
kaya,0.0657951694959769
kebbi,0.05006261743217589
keburu,0.05006261743217589
kecewa,0.028976379389987237
kejang,0
kejar,0.05006261743217589
kejut,0.0708881205008336
kek,0.05006261743217589
kelak,0.05006261743217589
kelam,0.05006261743217589
kelamaaan,0.05006261743217589
kelar,0.05006261743217589
kelas,0.05006261743217589
keluarga,0.05006261743217589
kemaren,0.0708881205008336
kemarin,0.0869291381699617
kemas,0.05006261743217589
ken,0.05006261743217589
kena,0.0708881205008336
kenal,0.05006261743217589
kendali,0.05006261743217589
kendara,0.05006261743217589
kennyanindio,0.05006261743217589
kepala,0
kepo,0.0708881205008336
kepul,0.05006261743217589
keranda,0.05006261743217589
keras,0.028976379389987237
keren,0.23259308493464143
kereta,0.05006261743217589
keri,0.05006261743217589
kerok,0.0869291381699617
kesal,0.05006261743217589
kesan,0.05006261743217589
keseleo,0.05006261743217589
ketawa,0.04096159602595202
ketemu,0.05006261743217589
ketidakadilan,0
ketimbang,0.050251890762960605
ketok,0.05006261743217589
key,0.0
khusus,0.0708881205008336
kids,0.05006261743217589
kiko,0.05006261743217589
killer,0.05006261743217589
kim,0
kimbrlyryder,0
kineriamovie,0.05006261743217589
kiri,0.05006261743217589
kisah,0.050251890762960605
klasik,0.0708881205008336
klimaks,0.0708881205008336
klovers,0
koala,0.06375767130633382
kocak,0.0822690069789727
kokoh,0.05006261743217589
kolaborasi,0.05006261743217589
kolusi,0
komedi,0.05006261743217589
komo,0.05006261743217589
kompasfilm,0
kompasiana,0.05006261743217589
kompastv,0
kompleks,0
konflik,0.05006261743217589
konsep,0.05006261743217589
konyol,0.0708881205008336
kopi,0.15722950313004552
kopiid,0.05006261743217589
korban,0.0
korupsi,0
kota,0
koyo,0.05006261743217589
kpk,0
kpu,0.05006261743217589
kram,0
kranji,0.05006261743217589
kreasi,0.05006261743217589
kriptografi,0.05006261743217589
kritikus,0.05006261743217589
ku,0.050251890762960605
kualitas,0.05006261743217589
kuasa,0.05006261743217589
kuat,0.06750527405556143
kubur,0.05006261743217589
kuku,0.05006261743217589
kulit,0.05006261743217589
kumal,0.06375767130633382
kumuh,0.05006261743217589
kuning,0.05006261743217589
kupu,0.05006261743217589
kutzna,0.05006261743217589
lagu,0.0
laki,0.0672334852355292
lakon,0.05006261743217589
laku,0.05006261743217589
lambat,0.05006261743217589
lampu,0.0708881205008336
langgar,0.05006261743217589
langit,0.07654655446197432
langsung,0.0
lantur,0
laptop,0.05006261743217589
lara,0.0
larang,0.05006261743217589
lari,0.05006261743217589
laris,0.05006261743217589
last,0.0
latar,0.028976379389987237
latepost,0.05006261743217589
lawan,0.05006261743217589
lawrence,0.0708881205008336
layar,0.05006261743217589
league,0.05006261743217589
lebay,0.05006261743217589
ledak,0.05006261743217589
legacy,0.05006261743217589
legend,0.050251890762960605
lelah,0
lelaki,0.05006261743217589
lemah,0.05006261743217589
lemari,0.05006261743217589
lembut,0.05006261743217589
lena,0.05006261743217589
lenceng,0.05006261743217589
lengsir,0.05006261743217589
lestari,0.05006261743217589
level,0.0708881205008336
lia,0.05006261743217589
liat,0.04113450348948635
lidah,0.05006261743217589
lidya,0.05006261743217589
lihat,0.08428695623736226
linda,0.05006261743217589
lippo,0.05006261743217589
list,0.05006261743217589
lo,0.019065785593519964
logika,0.05006261743217589
loh,0.05006261743217589
lokal,0.05006261743217589
lokasi,0.05006261743217589
loker,0.05006261743217589
looohh,0.05006261743217589
lottebintaroxxi,0.05006261743217589
love,0.0
loveforsale,0.028976379389987237
loveforsalemovie,0.05006261743217589
lucu,0.08793155726408237
lucy,0.015287232008811675
lulus,0.05006261743217589
lumayan,0.0822690069789727
lunas,0.05006261743217589
lupa,0.050251890762960605
lupita,0
m,0.028976379389987237
maaf,0.05006261743217589
maafberkatakasar,0.05006261743217589
madagaskar,0.05006261743217589
maddah,0.05006261743217589
magis,0.05006261743217589
mah,0.0869291381699617
main,0.12808895214270805
mainstream,0.05006261743217589
makan,0.0
makasih,0.05006261743217589
makhluk,0.05006261743217589
makna,0.05006261743217589
maksa,0.05006261743217589
maksimal,0.05006261743217589
maksud,0.05006261743217589
mal,0.05006261743217589
malam,0.0708881205008336
malas,0.0869291381699617
mall,0.0
mallandut,0.05006261743217589
mam,0.05006261743217589
mama,0.030556616567607046
mamakyimi,0.05006261743217589
mampus,0.0672334852355292
man,0.0708881205008336
manis,0.0672334852355292
manja,0.05006261743217589
mansion,0.05006261743217589
mantan,0.050251890762960605
mantap,0.05006261743217589
manusia,0.0
maret,0.05006261743217589
margo,0.05006261743217589
margot,0.05006261743217589
maria,0.05006261743217589
marihot,0.05006261743217589
marked,0.10050378152592121
marsmetvenuspartcowok,0.05006261743217589
marvel,0.0708881205008336
maryo,0.05006261743217589
mas,0.050251890762960605
masuk,0.050251890762960605
masyarakat,0.05006261743217589
mata,0.07142857142857142
matang,0.05006261743217589
mati,0.05812381937190964
maulidash,0.05006261743217589
maut,0.0708881205008336
max,0.05006261743217589
mayat,0.05006261743217589
mbak,0.028976379389987237
mccibubur,0
mchlweisman,0.05006261743217589
mcu,0.05006261743217589
me,0.05006261743217589
media,0.0672334852355292
megaplex,0.0708881205008336
megazord,0.05006261743217589
megganavita,0.05006261743217589
meghan,0.05006261743217589
meilina,0.05006261743217589
mejadi,0
melempem,0.05006261743217589
memori,0.0
menang,0.07608138365662309
mending,0.0
mengaggetkan,0
menganggumkan,0.05006261743217589
menginspiratif,0.05006261743217589
menit,0.0
menteng,0
meny,0.05006261743217589
merinding,0.0708881205008336
mesti,0.0708881205008336
metersdown,0.05006261743217589
metro,0
metropolitan,0.05006261743217589
mfauzia,0.05006261743217589
mhmdrohadi,0.05006261743217589
mib,0.05006261743217589
mikir,0.05006261743217589
milea,0.05006261743217589
milik,0.0869291381699617
mimelinda,0.05006261743217589
mimpi,0.05006261743217589
minggu,0.0
minim,0.0708881205008336
minimal,0.05006261743217589
miris,0
mirles,0.05006261743217589
mirzablue,0.05006261743217589
misi,0.05006261743217589
misteri,0
mobil,0.0708881205008336
modern,0
moga,0.028976379389987237
moi,0.05006261743217589
mokxyj,0.05006261743217589
mom,0.05006261743217589
momen,0.050174520600425446
monster,0.04179992280954715
moral,0.0869291381699617
morgan,0.05006261743217589
motivasi,0.0708881205008336
move,0.05006261743217589
movie,0.0
moviefreak,0.05006261743217589
movieoftheweek,0.05006261743217589
moviereview,0
mpazzhole,0.05006261743217589
mrazino,0.05006261743217589
mss,0
mstikasari,0.05006261743217589
mu,0.0869291381699617
mual,0
muas,0.05006261743217589
muat,0.05006261743217589
mubdiafrizal,0
muda,0.05006261743217589
mudah,0.0708881205008336
mujiastono,0
muka,0.0708881205008336
muliyarahma,0.05006261743217589
mulus,0.05006261743217589
mulya,0.05006261743217589
muncul,0.05006261743217589
mundur,0.05006261743217589
muntah,0.05006261743217589
murah,0.0708881205008336
musik,0.05006261743217589
musikal,0.0708881205008336
musti,0
musuh,0.028976379389987237
muthiamuchlis,0.05006261743217589
mutu,0.05006261743217589
my,0.0869291381699617
myidiotbrother,0
naddevdes,0.05006261743217589
nagita,0.05006261743217589
najis,0.05006261743217589
nakal,0.05006261743217589
nallinojs,0.05006261743217589
nama,0.022411161745176402
nanya,0
napas,0.0708881205008336
naskah,0.05006261743217589
nastiti,0.05006261743217589
natanael,0.05006261743217589
ndonesia,0.05006261743217589
ndra,0.05006261743217589
nebak,0
neeh,0.05006261743217589
negeri,0.05006261743217589
nelwan,0.05006261743217589
nenek,0.05006261743217589
neng,0.05006261743217589
nepotisme,0
networking,0.05006261743217589
never,0.05006261743217589
newyorker,0
next,0.0
ngakak,0.05006261743217589
ngalor,0.05006261743217589
ngantuk,0.05006261743217589
ngen,0.05006261743217589
ngeri,0.05006261743217589
ngesot,0.10651393711927232
ngidul,0.05006261743217589
ngos,0.05006261743217589
niat,0.0708881205008336
nick,0.05006261743217589
nightcrawler,0.05006261743217589
nih,0.03202563076101743
nikah,0.0
nikmat,0.028976379389987237
nilai,0.05006261743217589
ninta,0.05006261743217589
nitaeuy,0.05006261743217589
nizanizaniza,0
njpw,0.05006261743217589
nol,0.022411161745176402
nominator,0
nonakiky,0.05006261743217589
nonniipriincess,0
nonton,0.0387713410153949
novaputri,0
novel,0.02250175801852048
november,0.05006261743217589
novita,0.05006261743217589
now,0.05006261743217589
nurma,0
nurzenah,0.05006261743217589
nyambung,0.05006261743217589
nyata,0.08161943426864147
nyawa,0.05006261743217589
nyerah,0.05006261743217589
nyesek,0.05006261743217589
nyesel,0.05006261743217589
nyong,0
nyut,0
o,0.0
octaviaputrit,0
ody,0.05006261743217589
of,0.05694947974514994
office,0.050251890762960605
ogah,0.05006261743217589
ogfq,0.05006261743217589
ogieanakbaik,0.05006261743217589
oh,0.06750527405556143
ohkutipanbuku,0.05006261743217589
oi,0
oim,0.05006261743217589
oke,0.04096159602595202
oksigen,0.05006261743217589
oktaaaaav,0.05006261743217589
oland,0
olok,0.05006261743217589
om,0.0
omen,0.05006261743217589
omg,0.05006261743217589
omong,0.0
on,0.05006261743217589
one,0.0
ones,0.10050378152592121
or,0.03912636703529356
orang,0.009825192848935635
org,0.05006261743217589
origin,0.05006261743217589
oscar,0
otak,0.0
others,0.0571973567805599
otomatis,0.05006261743217589
ouija,0.1465525954401373
overlook,0.05006261743217589
oy,0.05006261743217589
p,0.03202563076101743
pacar,0.050251890762960605
pacific,0.07846370072010884
pacificrimuprsing,0.05006261743217589
paham,0.0
pakai,0.0
pake,0.04096159602595202
paksa,0.05694947974514994
palopo,0.05006261743217589
pamer,0.05006261743217589
pan,0.05006261743217589
pancing,0.05006261743217589
panjinyoto,0
pantaas,0.05006261743217589
pantes,0.05006261743217589
panther,0.05694947974514994
papa,0.05006261743217589
papar,0.05006261743217589
papas,0.05006261743217589
parah,0.07643616004405837
parallel,0
paranormal,0.10050378152592121
park,0.05006261743217589
parno,0.02250175801852048
part,0.0
paruh,0.05006261743217589
pas,0.05415303610738824
pasang,0.0
pasar,0.0
patah,0.05006261743217589
path,0.02250175801852048
patut,0
payah,0.05006261743217589
pecah,0.0869291381699617
peduli,0
pegal,0.0708881205008336
pejaten,0.05006261743217589
pekan,0.0
peluk,0.05006261743217589
penasaran,0.02250175801852048
pendek,0.05006261743217589
pengabdisetan,0.050251890762960605
pengin,0.05057217374241736
penuh,0.0
peran,0.02250175801852048
perang,0.05006261743217589
perawi,0.05006261743217589
percaya,0.0
perdana,0.05006261743217589
perfilmanindonesia,0.05006261743217589
performa,0.0
perhati,0.08192319205190404
perih,0
perintah,0.05006261743217589
pers,0.05006261743217589
persie,0.05006261743217589
persis,0.0672334852355292
perut,0.05006261743217589
pesan,0.10050378152592121
pesek,0.05006261743217589
petaka,0.05006261743217589
pffft,0
pic,0.0571973567805599
pictures,0.0708881205008336
pijar,0.05006261743217589
pikir,0.050251890762960605
pilih,0.06750527405556143
pilot,0.05006261743217589
pilu,0
pintar,0.0
pklauw,0.05006261743217589
place,0.035555906726738896
plagiasi,0
plasamsn,0
platinum,0.0
plaza,0.028976379389987237
plot,0
plus,0
pode,0.05006261743217589
pohon,0.05006261743217589
pokemon,0.05006261743217589
pokok,0.12340351046845906
pondasi,0.05006261743217589
pondokindahmall,0.05006261743217589
popular,0.05006261743217589
populer,0.05006261743217589
posisi,0.05006261743217589
poster,0.0708881205008336
prabashanti,0.05006261743217589
prediksi,0
premier,0.05006261743217589
premis,0.05006261743217589
pribadi,0.05006261743217589
prida,0.05006261743217589
prillybie,0.05006261743217589
prisoners,0
prm,0.05006261743217589
produksi,0.0708881205008336
professional,0.05006261743217589
prom,0.05006261743217589
promo,0.05006261743217589
propaganda,0
protes,0.05006261743217589
provokasi,0.05006261743217589
psycho,0.05006261743217589
pt,0.05006261743217589
puas,0.05006261743217589
publik,0.05006261743217589
pudingctc,0.05006261743217589
puja,0.05006261743217589
puji,0.05006261743217589
pukau,0.05006261743217589
pulang,0.05006261743217589
puncak,0.05006261743217589
purbo,0.05006261743217589
puri,0.0
purnawarman,0.05006261743217589
pursuit,0.05006261743217589
pusing,0.05006261743217589
putar,0.05006261743217589
putus,0.05006261743217589
putzallea,0.05006261743217589
quiet,0.05006261743217589
quite,0.0
rachel,0.05006261743217589
rachmat,0.05006261743217589
radit,0.0708881205008336
radityadika,0.0708881205008336
rafathar,0.05006261743217589
raffi,0.05006261743217589
raffinagita,0.05006261743217589
ragu,0.05006261743217589
rahadian,0.05006261743217589
rahadimas,0.05006261743217589
rahardian,0.0708881205008336
raider,0.028976379389987237
raih,0.05006261743217589
rajut,0.05006261743217589
raksasa,0.05006261743217589
ramai,0
rame,0
rampage,0.050343791322240206
rana,0
random,0.05006261743217589
rapat,0.05006261743217589
rapi,0.022411161745176402
ras,0.05006261743217589
rasial,0
rating,0.07142857142857142
ratus,0.05006261743217589
raung,0.05006261743217589
raup,0.05006261743217589
raupo,0.05006261743217589
rawan,0.05006261743217589
ray,0.05006261743217589
realistis,0.05006261743217589
realtamiii,0
receh,0
recycle,0.05006261743217589
red,0.02250175801852048
ref,0.05006261743217589
regan,0.05006261743217589
regina,0.05006261743217589
reinkarnasi,0
rekomendasi,0.14285714285714285
rekor,0.05006261743217589
religi,0.05006261743217589
religius,0.05006261743217589
remaja,0.0
remake,0.0
remas,0.05006261743217589
renata,0.05006261743217589
rendi,0.05006261743217589
rentet,0.05006261743217589
rentzyzgames,0.05006261743217589
reptil,0.05006261743217589
resa,0.05006261743217589
resap,0.05006261743217589
residence,0.05006261743217589
resiko,0.05006261743217589
review,0.04193036954073063
reza,0.0869291381699617
rezhanusantara,0.05006261743217589
riamnks,0.05006261743217589
ribu,0.05006261743217589
rickyrechez,0.05006261743217589
ricormdhn,0
rilis,0.05006261743217589
rim,0.07846370072010884
rindu,0.028976379389987237
ringan,0.0708881205008336
rings,0.0708881205008336
rio,0.0708881205008336
riorani,0.05006261743217589
risyky,0
robertrocky,0.05006261743217589
roboh,0.05006261743217589
robot,0.05006261743217589
roman,0.05006261743217589
romansa,0.05006261743217589
romantis,0.05006261743217589
roni,0.05006261743217589
ronzzykevin,0.05006261743217589
rosemary,0
rosenfeld,0
rottentomatoes,0.05006261743217589
rubah,0.05006261743217589
ruben,0
rugi,0.05006261743217589
rul,0.05006261743217589
rumah,0.050251890762960605
rumit,0
ryanhadefi,0
s,0.05006261743217589
sab,0.05006261743217589
sabar,0
sabet,0
sabtu,0.05006261743217589
sad,0.05006261743217589
sadar,0
sadewa,0.05006261743217589
sadis,0.0
saefudin,0.05006261743217589
sahabat,0
sains,0.05006261743217589
saji,0.0869291381699617
sakit,0.0
saksi,0.05006261743217589
salah,0.03571428571428571
salat,0.05006261743217589
sale,0.0
salsabilah,0.05006261743217589
salut,0.0708881205008336
sambung,0.05006261743217589
sampah,0.05006261743217589
sampe,0.10050378152592121
san,0.05006261743217589
sandra,0
sandraaadi,0.05006261743217589
saphira,0.05006261743217589
saran,0.028976379389987237
sari,0.05006261743217589
sasar,0.0
sasongko,0.05006261743217589
say,0.022411161745176402
sayang,0.02931051908802746
scare,0.0708881205008336
scarlet,0.05006261743217589
sci,0.0
science,0.022411161745176402
screaning,0.05006261743217589
screen,0.05006261743217589
screens,0.05006261743217589
sebal,0.0869291381699617
sebentar,0.050251890762960605
sebomming,0.05006261743217589
secret,0.12628547526944003
security,0.05006261743217589
sederhana,0.0708881205008336
sedih,0.04113450348948635
see,0.05006261743217589
segar,0.05006261743217589
segi,0.05006261743217589
seharianngemall,0.05006261743217589
sehat,0
sejarah,0.05006261743217589
sekal,0.05006261743217589
sekar,0.05006261743217589
sekian,0.05006261743217589
sekolah,0.022411161745176402
seksama,0.05006261743217589
seksi,0
sekuel,0.05006261743217589
selamat,0.05006261743217589
selatan,0.05006261743217589
selesai,0.0708881205008336
sembunyi,0.05006261743217589
semenjak,0.05006261743217589
sempurna,0.05006261743217589
senang,0.1125087900926024
senayan,0.0
sengketa,0.05006261743217589
sentuh,0.028976379389987237
senyum,0.0672334852355292
sepenuh,0.05006261743217589
sepi,0.05006261743217589
seram,0.09138233247699076
series,0.02250175801852048
seringkali,0.05006261743217589
serius,0.05006261743217589
seru,0.03880752628531664
sesak,0
sesal,0.0
sesuai,0.05006261743217589
setan,0.0
setia,0.0708881205008336
settingan,0.05006261743217589
sfx,0.05006261743217589
shafa,0.05006261743217589
sharqie,0.05006261743217589
sheryl,0.05006261743217589
sherylsheinafia,0.0708881205008336
showman,0.0869291381699617
si,0.0
sia,0
sial,0.10050378152592121
siang,0.05006261743217589
sibuk,0.05006261743217589
sih,0.0389914666764946
silah,0.05006261743217589
simpul,0.0
sindir,0.028976379389987237
sinematik,0.0
sisi,0.05006261743217589
sita,0.05006261743217589
situ,0.05006261743217589
situs,0
skor,0.028976379389987237
skrip,0.05006261743217589
slave,0
slavina,0.05006261743217589
sma,0.05006261743217589
smith,0.028976379389987237
snowman,0.05006261743217589
sok,0.01898315991504998
solehsolihun,0
solo,0.05006261743217589
solusi,0.05006261743217589
sonya,0.05006261743217589
sore,0.05006261743217589
sorry,0.05006261743217589
soundtrack,0.0708881205008336
soyidiyos,0.05006261743217589
soyuz,0
sparrow,0.02250175801852048
spiderman,0.05006261743217589
sponsor,0.05006261743217589
spot,0.050251890762960605
squad,0.0
sssthi,0
st,0.05006261743217589
standar,0.05006261743217589
steel,0
stefen,0.05006261743217589
strategi,0.05006261743217589
stress,0
studio,0.05006261743217589
suara,0.05006261743217589
suasana,0.05006261743217589
subhanallah,0.0869291381699617
subtitle,0.05006261743217589
sugih,0.05006261743217589
sugoi,0
suicide,0.0
suka,0.08728715609439695
sukses,0.12340351046845906
suku,0.05006261743217589
sulawesi,0.05006261743217589
sulit,0.028976379389987237
summarecon,0
sumpah,0.02250175801852048
sunilsamtani,0.05006261743217589
super,0.10050378152592121
superhero,0.05006261743217589
supernova,0.05006261743217589
suratkeciluntuktuhan,0.05006261743217589
surga,0.0708881205008336
suruh,0.05006261743217589
surup,0.05006261743217589
suryadi,0.05006261743217589
suryantosagala,0.05006261743217589
susah,0.0
suster,0.09563650695950074
susun,0.05006261743217589
sutradara,0.05006261743217589
suzzanna,0.05006261743217589
swarmapp,0.05006261743217589
sweet,0.0708881205008336
syuting,0.05006261743217589
t,0.05862103817605492
tabrak,0.05006261743217589
tagih,0.05006261743217589
tahan,0.05006261743217589
tahlil,0.05006261743217589
takdir,0.05006261743217589
takut,0.0986894847021565
takutin,0.05006261743217589
taman,0.050251890762960605
tamapranedya,0.05006261743217589
tampang,0.05006261743217589
tampil,0.05006261743217589
tangan,0.0
tangerang,0
tangga,0.0
tanggal,0.05006261743217589
tanyamalam,0.05006261743217589
tar,0.05006261743217589
tara,0
target,0.05006261743217589
tari,0.05006261743217589
tarik,0.050343791322240206
tatankhan,0.05006261743217589
tatjana,0.05006261743217589
tattaarinda,0.05006261743217589
tatu,0
tau,0.010555596279385189
tawan,0.05006261743217589
tayang,0.02696799449852968
teaser,0.05006261743217589
teater,0.05006261743217589
tebaik,0.05006261743217589
tebak,0.0
tegang,0.03571428571428571
teka,0.05006261743217589
teki,0.05006261743217589
telat,0.06750527405556143
telatah,0.05006261743217589
tema,0
teman,0.0869291381699617
temantapimenikah,0.0708881205008336
tembus,0.028976379389987237
tempel,0.05006261743217589
tenang,0.0
teori,0.0708881205008336
terandom,0.05006261743217589
terapi,0.05006261743217589
teraskotabsd,0.05006261743217589
terbang,0.0
terbangmenembuslangit,0.05006261743217589
teri,0.05006261743217589
teriak,0.05006261743217589
terima,0.06750527405556143
teror,0.05006261743217589
tertawa,0.028976379389987237
tetes,0.0708881205008336
tft,0.05006261743217589
tglkjsdhwx,0.05006261743217589
thcenturyfoxid,0.05006261743217589
the,0.05671049640066687
theater,0.05006261743217589
thedoll,0.05006261743217589
thegreatestshowman,0.05006261743217589
thelostcityofz,0
themovie,0
therock,0.05006261743217589
theunderdogs,0.05006261743217589
thriller,0.0708881205008336
tidak,0.1658805031865002
tidam,0.05006261743217589
tidur,0.05694947974514994
tiket,0
timeline,0.05006261743217589
timur,0.0708881205008336
tingkat,0.05006261743217589
tipikal,0.05006261743217589
tipis,0.05006261743217589
tips,0.05006261743217589
tipu,0
tivamns,0.05006261743217589
tiwus,0.0708881205008336
tl,0.05006261743217589
to,0.05006261743217589
today,0
toko,0.12810252304406972
tokoh,0
tol,0.05006261743217589
tolol,0.05006261743217589
tolong,0.05006261743217589
tom,0.05006261743217589
tomb,0.028976379389987237
tombraider,0.05006261743217589
tommy,0.05006261743217589
tonton,0.06575975290372105
toon,0.05006261743217589
top,0.05006261743217589
topenk,0.05006261743217589
topi,0.05006261743217589
total,0.05006261743217589
trailer,0.05006261743217589
transformer,0.05006261743217589
trendingarticles,0.05006261743217589
tri,0
trilogi,0.05006261743217589
truth,0.04512936824065242
truthordare,0.0708881205008336
truthordaremovie,0.05006261743217589
tua,0.0708881205008336
tubuh,0.05006261743217589
tugas,0.05006261743217589
tuh,0.02250175801852048
tuju,0.04535573676110726
tulis,0.05006261743217589
tunda,0.05006261743217589
tunggu,0.028976379389987237
turing,0.05006261743217589
turun,0.0708881205008336
tutup,0.07142857142857142
tv,0.05006261743217589
tw,0.05006261743217589
twist,0.05006261743217589
twitter,0.05006261743217589
tyas,0.05006261743217589
uang,0.05006261743217589
udah,0.06750527405556143
uh,0.05006261743217589
ujung,0.10050378152592121
ukur,0
ulang,0.05694947974514994
ular,0.05006261743217589
ulfaziah,0.05006261743217589
ultraman,0.05006261743217589
ulung,0
umamagafi,0.05006261743217589
umur,0.0
undang,0.05006261743217589
uninbuqhre,0.05006261743217589
universe,0
unjung,0.05006261743217589
untung,0.0
update,0.05006261743217589
uprising,0.0
uras,0.0
urban,0.050251890762960605
usaha,0.0
usia,0.05006261743217589
usul,0.05006261743217589
utama,0.0
utara,0.05006261743217589
uw,0.05006261743217589
uwc,0.05006261743217589
uweks,0.05006261743217589
vaneshaass,0.05006261743217589
variasi,0
velvet,0.05006261743217589
venessaar,0.05006261743217589
vernan,0.05006261743217589
versi,0.050251890762960605
vharul,0.05006261743217589
vikander,0.05006261743217589
village,0.05006261743217589
visual,0.028976379389987237
wajar,0.05006261743217589
wajib,0.14586499149789456
wanita,0.05006261743217589
war,0.03571428571428571
warcraft,0.05006261743217589
wardah,0.05006261743217589
warkop,0
wb,0.05006261743217589
week,0.05006261743217589
wengi,0.05006261743217589
whiplash,0.05006261743217589
whisplash,0.05006261743217589
will,0.0
with,0.061932353728533236
witwickycurse,0.05006261743217589
wiyoko,0.05006261743217589
woy,0.05006261743217589
wwii,0.05006261743217589
www,0.05006261743217589
x,0.02250175801852048
xvi,0.05006261743217589
xwvvd,0
xx,0
xxi,0.022941573387056175
y,0.0869291381699617
yaelah,0.05006261743217589
yah,0.0
yahoo,0.05006261743217589
yak,0.05006261743217589
years,0
yessa,0.05006261743217589
ynsiregar,0.05006261743217589
yogyakarta,0.05006261743217589
yohana,0.05006261743217589
yos,0.05006261743217589
you,0.05006261743217589
youtube,0.05006261743217589
yowis,0.0
yowisben,0.0708881205008336
yu,0.05006261743217589
yudacastelo,0.05006261743217589
yuk,0.0708881205008336
yuni,0.05006261743217589
yunidarpurba,0.05006261743217589
yusak,0.05006261743217589
yusuf,0.05006261743217589
za,0.05006261743217589
zaman,0.0708881205008336
zimmer,0.05006261743217589
zirra,0.05006261743217589
zonk,0
zootopia,0.09607689228305229
